"locus","Indiv","gt","haplo.1","haplo.2","haplo.3","haplo.4","depth.1","depth.2","depth.3","depth.4","num.haps","LABID"
"Dc01661","z0012509c","CA/CA","CA",NA,NA,NA,79,0,0,0,"1","z0012509"
"Dc01661","z0012509b","CA/CA","CA","CC",NA,NA,63,1,0,0,"1","z0012509"
"Dc01661","z0012509","CA/CG","CA","CG",NA,NA,29,25,0,0,"2","z0012509"
"Dc01707","z0012509c","CC/CC","CC",NA,NA,NA,93,0,0,0,"1","z0012509"
"Dc01707","z0012509b","CC/CC","CC",NA,NA,NA,83,0,0,0,"1","z0012509"
"Dc01707","z0012509","CC/TC","CC","TC",NA,NA,44,33,0,0,"2","z0012509"
"Dc02951","z0012509c","G/G","G","A",NA,NA,163,2,0,0,"1","z0012509"
"Dc02951","z0012509b","G/G","G","A",NA,NA,134,3,0,0,"1","z0012509"
"Dc02951","z0012509","A/G","G","A","C","N",64,45,2,2,"2","z0012509"
"Dc07300","z0012509c","AG/CA","AG","CA",NA,NA,84,76,0,0,"2","z0012509"
"Dc07300","z0012509b","AG/CA","AG","CA",NA,NA,73,57,0,0,"2","z0012509"
"Dc07300","z0012509","CA/CG","CG","CA",NA,NA,52,40,0,0,"2","z0012509"
"Dc08054","z0012509","CT/CT","CT",NA,NA,NA,205,0,0,0,"1","z0012509"
"Dc08054","z0012509c","CT/TC","TC","CT","CC",NA,152,114,2,0,"2","z0012509"
"Dc08054","z0012509b","CT/TC","TC","CT","TT","AT",98,95,1,1,"2","z0012509"
"Dc10885","z0012509","TG/TG","TG",NA,NA,NA,61,0,0,0,"1","z0012509"
"Dc10885","z0012509c","GA/TG","TG","GA","GG",NA,56,46,2,0,"2","z0012509"
"Dc10885","z0012509b","GA/TG","TG","GA",NA,NA,40,32,0,0,"2","z0012509"
"Dc13159","z0012509","AC/AC","AC",NA,NA,NA,33,0,0,0,"1","z0012509"
"Dc13159","z0012509c","AC/AT","AC","AT",NA,NA,23,19,0,0,"2","z0012509"
"Dc13159","z0012509b","AC/AT","AT","AC",NA,NA,17,14,0,0,"2","z0012509"
"Dc16747","z0012509b","T/T","T",NA,NA,NA,34,0,0,0,"1","z0012509"
"Dc16747","z0012509c","T/T","T",NA,NA,NA,31,0,0,0,"1","z0012509"
"Dc16747","z0012509","C/C","C",NA,NA,NA,20,0,0,0,"1","z0012509"
"Dc18951","z0012509c","T/T","T",NA,NA,NA,112,0,0,0,"1","z0012509"
"Dc18951","z0012509b","T/T","T",NA,NA,NA,92,0,0,0,"1","z0012509"
"Dc18951","z0012509","C/T","C","T",NA,NA,47,42,0,0,"2","z0012509"
"Dc20232","z0012509","GG/GG","GG",NA,NA,NA,52,0,0,0,"1","z0012509"
"Dc20232","z0012509c","AG/GG","AG","GG",NA,NA,41,39,0,0,"2","z0012509"
"Dc20232","z0012509b","AG/GG","AG","GG",NA,NA,35,19,0,0,"2","z0012509"
"Dc28776","z0012509","A/A","A",NA,NA,NA,33,0,0,0,"1","z0012509"
"Dc28776","z0012509c","A/C","A","C",NA,NA,32,23,0,0,"2","z0012509"
"Dc28776","z0012509b","A/C","A","C",NA,NA,25,18,0,0,"2","z0012509"
"Dc30071","z0012509c","G/G","G",NA,NA,NA,111,0,0,0,"1","z0012509"
"Dc30071","z0012509b","G/G","G","C",NA,NA,104,1,0,0,"1","z0012509"
"Dc30071","z0012509","C/G","C","G",NA,NA,45,40,0,0,"2","z0012509"
"Dc33907","z0012509","T/T","T",NA,NA,NA,36,0,0,0,"1","z0012509"
"Dc33907","z0012509c","C/T","T","C",NA,NA,28,22,0,0,"2","z0012509"
"Dc33907","z0012509b","C/T","C","T",NA,NA,26,22,0,0,"2","z0012509"
"Dc36616","z0012509","G/G","G",NA,NA,NA,45,0,0,0,"1","z0012509"
"Dc36616","z0012509c","A/G","A","G",NA,NA,37,31,0,0,"2","z0012509"
"Dc36616","z0012509b","A/G","G","A",NA,NA,32,28,0,0,"2","z0012509"
"Dc46984","z0012509","TT/TT","TT",NA,NA,NA,84,0,0,0,"1","z0012509"
"Dc46984","z0012509c","CT/TT","CT","TT","TC",NA,56,49,1,0,"2","z0012509"
"Dc46984","z0012509b","CT/TT","TT","CT","CG",NA,44,38,1,0,"2","z0012509"
"Dc48950","z0012509c","GT/GT","GT","GC","GA",NA,387,2,1,0,"1","z0012509"
"Dc48950","z0012509b","GT/GT","GT","NT",NA,NA,357,1,0,0,"1","z0012509"
"Dc48950","z0012509","AT/GT","AT","GT","NT",NA,172,168,1,0,"2","z0012509"
"Dc49080","z0012509","G/G","G",NA,NA,NA,209,0,0,0,"1","z0012509"
"Dc49080","z0012509c","A/G","A","G","N",NA,130,112,2,0,"2","z0012509"
"Dc49080","z0012509b","A/G","A","G",NA,NA,122,84,0,0,"2","z0012509"
"Dc49184","z0012509c","CA/GC","GC","CA","NN","CG",70,67,1,1,"2","z0012509"
"Dc49184","z0012509b","CA/GC","GC","CA","AC","CG",65,51,1,1,"2","z0012509"
"Dc49184","z0012509","CA/CC","CC","CA",NA,NA,51,50,0,0,"2","z0012509"
"Dc52523","z0012509","GG/GG","GG",NA,NA,NA,70,0,0,0,"1","z0012509"
"Dc52523","z0012509c","GG/TC","GG","TC","TG","NG",52,47,1,1,"2","z0012509"
"Dc52523","z0012509b","GG/TC","GG","TC","CC",NA,42,38,1,0,"2","z0012509"
"Dc58248","z0012509c","AA/GT","GT","AA",NA,NA,53,49,0,0,"2","z0012509"
"Dc58248","z0012509b","AA/GT","AA","GT","AT",NA,33,32,1,0,"2","z0012509"
"Dc58248","z0012509","GA/GT","GA","GT",NA,NA,32,29,0,0,"2","z0012509"
"Dc62188","z0012509","AG/AG","AG",NA,NA,NA,79,0,0,0,"1","z0012509"
"Dc62188","z0012509c","AG/AT","AG","AT",NA,NA,51,51,0,0,"2","z0012509"
"Dc62188","z0012509b","AG/AT","AG","AT","AN",NA,48,41,1,0,"2","z0012509"
"locus004","z0012509c","A/A","A","G",NA,NA,166,1,0,0,"1","z0012509"
"locus004","z0012509b","A/A","A",NA,NA,NA,120,0,0,0,"1","z0012509"
"locus004","z0012509","A/G","G","A",NA,NA,76,73,0,0,"2","z0012509"
"locus005","z0012509","C/C","C","T",NA,NA,230,1,0,0,"1","z0012509"
"locus005","z0012509c","C/G","G","C","A",NA,115,92,1,0,"2","z0012509"
"locus005","z0012509b","C/G","C","G","N",NA,94,82,1,0,"2","z0012509"
"locus013","z0012509","G/G","G",NA,NA,NA,262,0,0,0,"1","z0012509"
"locus013","z0012509b","C/C","C","T","A",NA,210,1,1,0,"1","z0012509"
"locus013","z0012509c","C/C","C","G",NA,NA,207,2,0,0,"1","z0012509"
"locus014","z0012509","C/C","C","T",NA,NA,189,1,0,0,"1","z0012509"
"locus014","z0012509c","T/T","T","C",NA,NA,166,1,0,0,"1","z0012509"
"locus014","z0012509b","T/T","T",NA,NA,NA,162,0,0,0,"1","z0012509"
"locus024","z0012509","G/G","G","A",NA,NA,64,1,0,0,"1","z0012509"
"locus024","z0012509c","A/G","G","A",NA,NA,47,31,0,0,"2","z0012509"
"locus024","z0012509b","A/G","G","A",NA,NA,33,29,0,0,"2","z0012509"
"locus025","z0012509","C/C","C",NA,NA,NA,95,0,0,0,"1","z0012509"
"locus025","z0012509c","C/T","C","T",NA,NA,39,36,0,0,"2","z0012509"
"locus025","z0012509b","C/T","C","T",NA,NA,28,27,0,0,"2","z0012509"
"locus030","z0012509c","A/A","A",NA,NA,NA,75,0,0,0,"1","z0012509"
"locus030","z0012509b","A/A","A",NA,NA,NA,67,0,0,0,"1","z0012509"
"locus030","z0012509","A/G","A","G",NA,NA,44,39,0,0,"2","z0012509"
"locus038","z0012509","T/T","T",NA,NA,NA,34,0,0,0,"1","z0012509"
"locus038","z0012509c","C/T","T","C",NA,NA,23,19,0,0,"2","z0012509"
"locus038","z0012509b","C/T","C","T",NA,NA,21,18,0,0,"2","z0012509"
"locus040","z0012509b","G/G","G",NA,NA,NA,44,0,0,0,"1","z0012509"
"locus040","z0012509c","G/G","G",NA,NA,NA,31,0,0,0,"1","z0012509"
"locus040","z0012509","C/G","C","G","A",NA,14,13,1,0,"2","z0012509"
"locus041","z0012509","C/C","C",NA,NA,NA,24,0,0,0,"1","z0012509"
"locus041","z0012509c","C/T","C","T",NA,NA,20,20,0,0,"2","z0012509"
"locus041","z0012509b","C/T","C","T",NA,NA,17,17,0,0,"2","z0012509"
"locus045","z0012509c","AA/AA","AA",NA,NA,NA,88,0,0,0,"1","z0012509"
"locus045","z0012509b","AA/AA","AA","AG",NA,NA,67,1,0,0,"1","z0012509"
"locus045","z0012509","AA/CG","CG","AA",NA,NA,45,32,0,0,"2","z0012509"
"locus053","z0012509c","CG/CG","CG",NA,NA,NA,69,0,0,0,"1","z0012509"
"locus053","z0012509b","CG/CG","CG",NA,NA,NA,43,0,0,0,"1","z0012509"
"locus053","z0012509","CG/TG","CG","TG",NA,NA,29,17,0,0,"2","z0012509"
"locus055","z0012509","T/T","T",NA,NA,NA,90,0,0,0,"1","z0012509"
"locus055","z0012509b","C/T","C","T",NA,NA,48,26,0,0,"2","z0012509"
"locus055","z0012509c","C/T","T","C","A",NA,42,40,1,0,"2","z0012509"
"locus058","z0012509","G/G","G",NA,NA,NA,104,0,0,0,"1","z0012509"
"locus058","z0012509c","A/G","A","G",NA,NA,62,55,0,0,"2","z0012509"
"locus058","z0012509b","A/G","A","G",NA,NA,49,41,0,0,"2","z0012509"
"locus062","z0012509","G/G","G","A",NA,NA,110,1,0,0,"1","z0012509"
"locus062","z0012509b","A/G","G","A","C",NA,77,57,1,0,"2","z0012509"
"locus062","z0012509c","A/G","G","A",NA,NA,75,65,0,0,"2","z0012509"
"locus064","z0012509","G/G","G",NA,NA,NA,229,0,0,0,"1","z0012509"
"locus064","z0012509c","A/G","G","A","C",NA,108,103,1,0,"2","z0012509"
"locus064","z0012509b","A/G","G","A",NA,NA,101,74,0,0,"2","z0012509"
"locus065","z0012509","A/A","A",NA,NA,NA,252,0,0,0,"1","z0012509"
"locus065","z0012509c","A/G","A","G",NA,NA,134,111,0,0,"2","z0012509"
"locus065","z0012509b","A/G","G","A",NA,NA,97,85,0,0,"2","z0012509"
"locus069","z0012509c","G/G","G","N",NA,NA,34,2,0,0,"1","z0012509"
"locus069","z0012509b",NA,"G","N",NA,NA,15,5,0,0,"0","z0012509"
"locus069","z0012509","A/G","A","G","N",NA,10,10,2,0,"2","z0012509"
"locus074","z0012509c","G/G","G","A","N",NA,243,2,1,0,"1","z0012509"
"locus074","z0012509b","G/G","G","A",NA,NA,218,2,0,0,"1","z0012509"
"locus074","z0012509","A/G","G","A",NA,NA,140,134,0,0,"2","z0012509"
"locus080","z0012509","G/G","G","A",NA,NA,176,1,0,0,"1","z0012509"
"locus080","z0012509c","A/G","G","A","T",NA,79,74,1,0,"2","z0012509"
"locus080","z0012509b","A/G","A","G",NA,NA,79,66,0,0,"2","z0012509"
"locus119","z0012509c","C/C","C",NA,NA,NA,139,0,0,0,"1","z0012509"
"locus119","z0012509b","C/C","C","T",NA,NA,107,1,0,0,"1","z0012509"
"locus119","z0012509","C/T","T","C",NA,NA,62,60,0,0,"2","z0012509"
"locus120","z0012509c","G/G","G","A",NA,NA,330,1,0,0,"1","z0012509"
"locus120","z0012509b","G/G","G",NA,NA,NA,267,0,0,0,"1","z0012509"
"locus120","z0012509","A/G","A","G",NA,NA,175,157,0,0,"2","z0012509"
"locus128","z0012509","C/C","C",NA,NA,NA,28,0,0,0,"1","z0012509"
"locus128","z0012509c","T/T","T",NA,NA,NA,25,0,0,0,"1","z0012509"
"locus128","z0012509b","T/T","T","C",NA,NA,25,1,0,0,"1","z0012509"
"locus129","z0012509c","TC/TC","TC","TT",NA,NA,179,1,0,0,"1","z0012509"
"locus129","z0012509","CC/CC","CC",NA,NA,NA,143,0,0,0,"1","z0012509"
"locus129","z0012509b","TC/TC","TC","GC",NA,NA,142,1,0,0,"1","z0012509"
"locus130","z0012509","G/G","G",NA,NA,NA,38,0,0,0,"1","z0012509"
"locus130","z0012509c","A/G","A","G",NA,NA,29,21,0,0,"2","z0012509"
"locus130","z0012509b","A/G","A","G",NA,NA,22,20,0,0,"2","z0012509"
"locus134","z0012509","C/C","C",NA,NA,NA,77,0,0,0,"1","z0012509"
"locus134","z0012509c","C/T","C","T",NA,NA,54,25,0,0,"2","z0012509"
"locus134","z0012509b","C/T","C","T",NA,NA,34,29,0,0,"2","z0012509"
"locus135","z0012509c","GT/GT","GT",NA,NA,NA,122,0,0,0,"1","z0012509"
"locus135","z0012509b","GT/GT","GT","AT",NA,NA,104,1,0,0,"1","z0012509"
"locus135","z0012509","GC/GT","GC","GT",NA,NA,58,53,0,0,"2","z0012509"
"locus137","z0012509","T/T","T",NA,NA,NA,248,0,0,0,"1","z0012509"
"locus137","z0012509c","A/T","A","T",NA,NA,91,82,0,0,"2","z0012509"
"locus137","z0012509b","A/T","T","A",NA,NA,76,70,0,0,"2","z0012509"
"locus146","z0012509c","C/C","C","N","T",NA,98,1,1,0,"1","z0012509"
"locus146","z0012509","T/T","T",NA,NA,NA,85,0,0,0,"1","z0012509"
"locus146","z0012509b","C/C","C",NA,NA,NA,65,0,0,0,"1","z0012509"
"locus148","z0012509","A/A","A",NA,NA,NA,135,0,0,0,"1","z0012509"
"locus148","z0012509c","A/T","T","A","G",NA,90,89,1,0,"2","z0012509"
"locus148","z0012509b","A/T","A","T",NA,NA,78,71,0,0,"2","z0012509"
"locus170","z0012509","A/A","A",NA,NA,NA,333,0,0,0,"1","z0012509"
"locus170","z0012509c","T/T","T","A",NA,NA,299,1,0,0,"1","z0012509"
"locus170","z0012509b","T/T","T","A",NA,NA,259,1,0,0,"1","z0012509"
"locus176","z0012509c","C/C","C","T",NA,NA,266,1,0,0,"1","z0012509"
"locus176","z0012509b","C/C","C","T",NA,NA,240,1,0,0,"1","z0012509"
"locus176","z0012509","C/T","T","C",NA,NA,187,179,0,0,"2","z0012509"
"locus184","z0012509","A/A","A","T",NA,NA,122,1,0,0,"1","z0012509"
"locus184","z0012509c","C/C","C",NA,NA,NA,102,0,0,0,"1","z0012509"
"locus184","z0012509b","C/C","C",NA,NA,NA,102,0,0,0,"1","z0012509"
"locus188","z0012509","CC/TT","TT","CC","TC",NA,55,52,1,0,"2","z0012509"
"locus188","z0012509b","CC/TC","TC","CC","TT",NA,52,35,1,0,"2","z0012509"
"locus188","z0012509c","CC/TC","CC","TC","TN",NA,44,40,1,0,"2","z0012509"
"locus189","z0012509c","GC/GC","GC","AC","GN",NA,440,1,1,0,"1","z0012509"
"locus189","z0012509b","GC/GC","GC","GT",NA,NA,348,1,0,0,"1","z0012509"
"locus189","z0012509","AG/AG","AG","AA","GC","GG",332,1,1,1,"1","z0012509"
"locus190","z0012509","C/C","C","N",NA,NA,243,2,0,0,"1","z0012509"
"locus190","z0012509c","C/T","C","T",NA,NA,116,107,0,0,"2","z0012509"
"locus190","z0012509b","C/T","T","C",NA,NA,109,102,0,0,"2","z0012509"
"locus191","z0012509c","G/G","G",NA,NA,NA,63,0,0,0,"1","z0012509"
"locus191","z0012509b","G/G","G",NA,NA,NA,47,0,0,0,"1","z0012509"
"locus191","z0012509","A/G","A","G",NA,NA,24,19,0,0,"2","z0012509"
"locus227","z0012509","A/A","A",NA,NA,NA,49,0,0,0,"1","z0012509"
"locus227","z0012509c","A/G","A","G",NA,NA,20,18,0,0,"2","z0012509"
"locus227","z0012509b","A/G","G","A",NA,NA,18,9,0,0,"2","z0012509"
"locus235","z0012509","A/A","A",NA,NA,NA,250,0,0,0,"1","z0012509"
"locus235","z0012509c","A/C","C","A",NA,NA,104,97,0,0,"2","z0012509"
"locus235","z0012509b","A/C","A","C",NA,NA,102,96,0,0,"2","z0012509"
"locus239","z0012509c","C/C","C","A",NA,NA,224,1,0,0,"1","z0012509"
"locus239","z0012509b","C/C","C",NA,NA,NA,162,0,0,0,"1","z0012509"
"locus239","z0012509","A/C","C","A",NA,NA,104,104,0,0,"2","z0012509"
"locus256","z0012509b","C/C","C",NA,NA,NA,46,0,0,0,"1","z0012509"
"locus256","z0012509c","C/C","C","T",NA,NA,45,1,0,0,"1","z0012509"
"locus256","z0012509","C/T","T","C",NA,NA,16,12,0,0,"2","z0012509"
"locus274","z0012509c","G/G","G",NA,NA,NA,59,0,0,0,"1","z0012509"
"locus274","z0012509b","G/G","G",NA,NA,NA,44,0,0,0,"1","z0012509"
"locus274","z0012509","G/T","G","T",NA,NA,44,27,0,0,"2","z0012509"
"locus280","z0012509","G/G","G",NA,NA,NA,24,0,0,0,"1","z0012509"
"locus280","z0012509c","G/T","G","T",NA,NA,22,13,0,0,"2","z0012509"
"locus280","z0012509b","G/T","T","G",NA,NA,11,11,0,0,"2","z0012509"
"locus282","z0012509","G/G","G",NA,NA,NA,57,0,0,0,"1","z0012509"
"locus282","z0012509b","A/G","A","G",NA,NA,28,27,0,0,"2","z0012509"
"locus282","z0012509c","A/G","A","G","N",NA,26,24,1,0,"2","z0012509"
"locus286","z0012509c","C/C","C","T",NA,NA,453,1,0,0,"1","z0012509"
"locus286","z0012509b","C/C","C","T",NA,NA,402,1,0,0,"1","z0012509"
"locus286","z0012509","C/T","C","T",NA,NA,211,145,0,0,"2","z0012509"
"locus291","z0012509","TT/TT","TT","AT","TC","NN",1039,3,2,1,"1","z0012509"
"locus291","z0012509c","AT/AT","AT","TT","CT","AG",1003,4,1,1,"1","z0012509"
"locus291","z0012509b","AT/AT","AT","GT","AC",NA,882,2,1,0,"1","z0012509"
"locus321","z0012509","A/A","A","T",NA,NA,130,1,0,0,"1","z0012509"
"locus321","z0012509c","A/T","A","T",NA,NA,66,65,0,0,"2","z0012509"
"locus321","z0012509b","A/T","T","A",NA,NA,62,50,0,0,"2","z0012509"
"locus323","z0012509","G/G","G",NA,NA,NA,70,0,0,0,"1","z0012509"
"locus323","z0012509c","A/G","A","G",NA,NA,38,37,0,0,"2","z0012509"
"locus323","z0012509b","A/G","G","A",NA,NA,34,23,0,0,"2","z0012509"
"locus329","z0012509","C/C","C",NA,NA,NA,56,0,0,0,"1","z0012509"
"locus329","z0012509c","A/C","C","A",NA,NA,40,25,0,0,"2","z0012509"
"locus329","z0012509b","A/C","C","A",NA,NA,25,23,0,0,"2","z0012509"
"locus332","z0012509c","C/C","C","T",NA,NA,124,1,0,0,"1","z0012509"
"locus332","z0012509b","C/C","C",NA,NA,NA,114,0,0,0,"1","z0012509"
"locus332","z0012509","T/T","T",NA,NA,NA,77,0,0,0,"1","z0012509"
"locus358","z0012509c","C/C","C",NA,NA,NA,195,0,0,0,"1","z0012509"
"locus358","z0012509b","C/C","C",NA,NA,NA,170,0,0,0,"1","z0012509"
"locus358","z0012509","A/C","A","C",NA,NA,74,69,0,0,"2","z0012509"
"locus360","z0012509","C/C","C","T",NA,NA,45,1,0,0,"1","z0012509"
"locus360","z0012509c","C/T","T","C",NA,NA,33,25,0,0,"2","z0012509"
"locus360","z0012509b","C/T","C","T",NA,NA,24,16,0,0,"2","z0012509"
"locus184","z0117103","A/C","A","C",NA,NA,66,52,0,0,"2","z0117103"
"locus184","z0117103b","A/A","A","C",NA,NA,17,4,0,0,"1","z0117103"
"Dc13592","z0117088b","AC/AC","AC","GC",NA,NA,27,6,0,0,"1","z0117088"
"Dc13592","z0117088","AC/GC","AC","GC",NA,NA,17,15,0,0,"2","z0117088"
"locus314","z0006802","A/G","A","G",NA,NA,214,107,0,0,"2","z0006802"
"locus314","z0006802b","A/A","A","G",NA,NA,121,23,0,0,"1","z0006802"
"locus019","z0134113b","A/N","N","A","G",NA,81,54,35,0,"3","z0134113"
"locus019","z0134113","A/G","A","G","N","C",59,50,26,1,"3","z0134113"
"locus019","z0012519","A/N","A","N",NA,NA,91,42,0,0,"2","z0012519"
"locus019","z0012519b","A/A","A","N",NA,NA,74,17,0,0,"1","z0012519"
"locus165","z0012519","A/A","A","C",NA,NA,310,68,0,0,"1","z0012519"
"locus165","z0012519b","A/C","A","C",NA,NA,132,59,0,0,"2","z0012519"
"locus019","z0012489","A/N","A","N",NA,NA,91,43,0,0,"2","z0012489"
"locus019","z0012489b","A/A","A","N",NA,NA,84,13,0,0,"1","z0012489"
"locus314","z0134098","A/A","A","G",NA,NA,47,11,0,0,"1","z0134098"
"locus314","z0134098b","A/G","A","G","T",NA,46,23,1,0,"2","z0134098"
"locus016","z0012527b","C/C","C","N","T",NA,181,3,2,0,"1","z0012527"
"locus016","z0012527","C/N","C","N","T",NA,83,64,1,0,"2","z0012527"
"locus019","z0012527","A/A","A","N",NA,NA,82,3,0,0,"1","z0012527"
"locus019","z0012527b","A/N","A","N",NA,NA,37,18,0,0,"2","z0012527"
"locus314","z0006799","A/G","A","G",NA,NA,132,76,0,0,"2","z0006799"
"locus314","z0006799b","A/A","A","G",NA,NA,99,20,0,0,"1","z0006799"
"locus019","z0102610","A/A","A","N",NA,NA,62,15,0,0,"1","z0102610"
"locus019","z0102610b","A/N","A","N","G",NA,59,57,1,0,"2","z0102610"
"locus019","z0062743","A/A","A","N",NA,NA,75,5,0,0,"1","z0062743"
"locus019","z0062743b","A/N","A","N",NA,NA,42,28,0,0,"2","z0062743"
"locus019","z0062687","A/A","A","N",NA,NA,77,13,0,0,"1","z0062687"
"locus019","z0062687b","A/N","A","N",NA,NA,38,33,0,0,"2","z0062687"
"locus019","z0062622","A/A","A","N",NA,NA,75,10,0,0,"1","z0062622"
"locus019","z0062622b","A/N","A","N",NA,NA,43,21,0,0,"2","z0062622"
"locus019","z0062627","A/A","A","N",NA,NA,75,14,0,0,"1","z0062627"
"locus019","z0062627b","A/N","A","N",NA,NA,49,24,0,0,"2","z0062627"
"locus019","z0062680","A/A","A","N",NA,NA,42,5,0,0,"1","z0062680"
"locus019","z0062680b","A/N","N","A","G",NA,21,16,1,0,"2","z0062680"
"locus019","z0062636","G/N","G","N","A",NA,25,23,19,0,"3","z0062636"
"locus019","z0062636b","A/N","N","A","G",NA,21,18,13,0,"3","z0062636"
