"","locus","Indiv","gt","haplo.1","haplo.2","haplo.3","haplo.4","depth.1","depth.2","depth.3","depth.4","num.haps"
"1","locus019","z0134074","A/N","A","N","C",NA,145,71,1,0,"2"
"2","locus019","z0134109","A/N","A","N",NA,NA,124,67,0,0,"2"
"3","locus019","z0134074b","A/N","A","N",NA,NA,106,77,0,0,"2"
"4","locus016","z0216918","C/N","C","N",NA,NA,103,65,0,0,"2"
"5","locus019","z0134108","A/N","N","A",NA,NA,99,93,0,0,"2"
"6","locus019","z0006803","A/N","A","N","C","G",99,44,1,1,"2"
"7","locus019","z0134095","A/N","N","A",NA,NA,98,67,0,0,"2"
"8","locus019","z0012488","A/N","A","N",NA,NA,95,48,0,0,"2"
"9","locus019","z0026452","A/N","A","N","G",NA,94,49,1,0,"2"
"10","locus019","z0012519","A/N","A","N",NA,NA,91,42,0,0,"2"
"11","locus019","z0134108b","A/N","N","A",NA,NA,91,56,0,0,"2"
"12","locus019","z0012489","A/N","A","N",NA,NA,91,43,0,0,"2"
"13","locus019","z0040943","A/N","A","N",NA,NA,90,46,0,0,"2"
"14","locus019","z0026451","A/N","N","A",NA,NA,86,82,0,0,"2"
"15","locus019","z0062761b","A/N","A","N",NA,NA,85,43,0,0,"2"
"16","locus019","z0134098","A/N","A","N",NA,NA,84,82,0,0,"2"
"17","locus016","z0012527","C/N","C","N","T",NA,83,64,1,0,"2"
"18","locus019","z0134113b","A/N","N","A","G",NA,81,54,35,0,"3"
"19","locus019","z0134055","A/N","A","N",NA,NA,80,49,0,0,"2"
"20","locus019","z0134098b","A/N","N","A",NA,NA,79,59,0,0,"2"
"21","locus019","z0134087","A/N","N","A",NA,NA,77,76,0,0,"2"
"22","locus019","z0102682","A/N","A","N",NA,NA,76,69,0,0,"2"
"23","locus019","z0134097","A/N","A","N",NA,NA,76,56,0,0,"2"
"24","locus019","z0061468","A/N","A","N","C",NA,74,72,1,0,"2"
"25","locus019","z0006800","A/G","A","G","N",NA,73,63,38,0,"3"
"26","locus019","z0006803b","A/N","A","N",NA,NA,73,33,0,0,"2"
"27","locus019","z0134061","A/N","A","N",NA,NA,69,58,0,0,"2"
"28","locus019","z0134066","G/N","N","G",NA,NA,68,64,0,0,"2"
"29","locus016","z0062743","C/T","C","T","N",NA,68,56,43,0,"3"
"30","locus019","z0134059","A/N","A","N",NA,NA,66,47,0,0,"2"
"31","locus019","z0012525","A/G","A","G","N",NA,66,52,46,0,"3"
"32","locus019","z0026451b","A/N","N","A","T",NA,66,55,1,0,"2"
"33","locus019","z0032023","A/N","N","A","G",NA,63,36,33,0,"3"
"34","locus019","z0012480","A/N","A","N",NA,NA,63,34,0,0,"2"
"35","locus019","z0012480b","A/N","A","N",NA,NA,59,30,0,0,"2"
"36","locus019","z0134113","A/G","A","G","N","C",59,50,26,1,"3"
"37","locus019","z0102610b","A/N","A","N","G",NA,59,57,1,0,"2"
"38","locus019","z0012511","A/G","A","G","N",NA,57,43,39,0,"3"
"39","locus019","z0026452b","A/N","N","A",NA,NA,57,56,0,0,"2"
"40","locus019","z0032022","A/N","N","A",NA,NA,57,40,0,0,"2"
"41","locus016","z0216927","C/N","C","N",NA,NA,55,38,0,0,"2"
"42","locus019","z0134070","A/N","A","N",NA,NA,50,33,0,0,"2"
"43","locus019","z0062737","A/N","A","N",NA,NA,49,34,0,0,"2"
"44","locus019","z0062627b","A/N","A","N",NA,NA,49,24,0,0,"2"
"45","locus019","z0062622b","A/N","A","N",NA,NA,43,21,0,0,"2"
"46","locus019","z0012499","A/G","A","G","N",NA,42,34,33,0,"3"
"47","locus019","z0062743b","A/N","A","N",NA,NA,42,28,0,0,"2"
"48","locus019","z0102605","A/N","A","N",NA,NA,41,32,0,0,"2"
"49","locus019","z0102605b","A/N","A","N",NA,NA,41,34,0,0,"2"
"50","locus019","z0037471","A/G","A","G","N",NA,40,29,20,0,"3"
"51","locus019","z0062742","A/N","A","N",NA,NA,39,19,0,0,"2"
"52","locus019","z0012503","A/N","N","A","G",NA,39,32,31,0,"3"
"53","locus019","z0062687b","A/N","A","N",NA,NA,38,33,0,0,"2"
"54","locus019","z0061457","A/N","A","N",NA,NA,37,27,0,0,"2"
"55","locus019","z0012527b","A/N","A","N",NA,NA,37,18,0,0,"2"
"56","locus019","z0076697","A/G","A","G","N",NA,36,35,22,0,"3"
"57","locus019","z0076699","A/G","G","A","N",NA,35,33,24,0,"3"
"58","locus019","z0076703","A/N","A","N","G",NA,32,30,1,0,"2"
"59","locus019","z0062630","G/N","G","N","A",NA,32,27,19,0,"3"
"60","locus019","z0062787b","A/N","A","N",NA,NA,30,20,0,0,"2"
"61","locus019","z0076711","A/G","G","A","N",NA,28,24,15,0,"3"
"62","locus019","z0062636","G/N","G","N","A",NA,25,23,19,0,"3"
"63","locus019","z0062742b","A/N","A","N",NA,NA,24,16,0,0,"2"
"64","locus016","z0216915","C/N","C","N",NA,NA,23,15,0,0,"2"
"65","locus019","z0076695b","A/G","G","A","N",NA,23,22,14,0,"3"
"66","locus019","z0134070b","A/N","N","A",NA,NA,23,23,0,0,"2"
"67","locus019","z0076705","A/G","G","A","N",NA,23,23,12,0,"3"
"68","locus019","z0062636b","A/N","N","A","G",NA,21,18,13,0,"3"
"69","locus019","z0062680b","A/N","N","A","G",NA,21,16,1,0,"2"
"70","locus019","z0062630b","G/N","N","G","A",NA,20,17,13,0,"3"
"71","locus019","z0062634b","A/G","A","G","N",NA,15,14,12,0,"3"
"72","locus019","z0062634","A/G","A","G","N",NA,14,10,10,0,"3"
"73","locus069","z0012481b","G/N","G","N",NA,NA,14,9,0,0,"2"
